Название,цена,url
Диван прямой Филс-Мини 120 Velvet Terra,30 790руб.,https://www.divan.ru/product/divan-pryamoj-fils-mini-120-velvet-terra
Кресло Кастел Velvet Olive,17 590руб.,https://www.divan.ru/product/kreslo-kastel-velvet-olive
Кресло Орхет Velvet Marsala,19 790руб.,https://www.divan.ru/product/kreslo-orhet-velvet-marsala
Диван прямой Массе-М Мини Velvet Navy Blue,54 990руб.,https://www.divan.ru/product/divan-pryamoj-masse-m-mini-velvet-navy-blue
Пуф Дзен Velvet Smoke,7690руб.,https://www.divan.ru/product/puf-dzen-velvet-smoke
Диван прямой Спейс Velvet Olive,74 790руб.,https://www.divan.ru/product/divan-spejs-velvet-olive
Кресло Нелви Cozy Terra,28 590руб.,https://www.divan.ru/product/kreslo-nelvi-cozy-terra
Диван прямой Мелоу Velvet Beige,60 490руб.,https://www.divan.ru/product/divan-pryamoj-melou-velvet-beige
Пуф Кропс Bucle Lilac,10 990руб.,https://www.divan.ru/product/puf-krops-bucle-lilac
Диван прямой Клаймар Velvet Terra,69 290руб.,https://www.divan.ru/product/divan-klajmar-velvet-terra
Кресло Тут Рядом Мечта Сине-бежевое,21 990руб.,https://www.divan.ru/product/kreslo-tut-ryadom-mechta-sine-bejevoe
Диван прямой Аронт Мини Velvet Pink,62 690руб.,https://www.divan.ru/product/divan-pryamoj-aront-mini-velvet-pink
Диван прямой Лонди Cozy Ecru,60 490руб.,https://www.divan.ru/product/divan-londi-cozy-ecru
Кресло Салми Velvet Smoke,25 290руб.,https://www.divan.ru/product/kreslo-salmi-velvet-smoke
Диван угловой Нордика мини Velvet Olive,65 990руб.,https://www.divan.ru/product/divan-uglovoj-nordika-mini-velvet-olive
Кресло Пайл Textile Ginger,29 690руб.,https://www.divan.ru/product/kreslo-pajl-textile-ginger
Диван прямой Льери Мини Velvet Yellow,71 490руб.,https://www.divan.ru/product/divan-leri-mini-velvet-yellow
Кресло Кенсол Velvet Blue,21 990руб.,https://www.divan.ru/product/kreslo-kensol-velvet-blue
Диван модульный Маиль-3 Textile Latte,191 370руб.,https://www.divan.ru/product/divan-modulnyj-mail-3-textile-latte
Кресло Грейн Textile Olive,14 290руб.,https://www.divan.ru/product/kreslo-grejn-textile-olive
Пуф Ринт Bucle Blue,13 190руб.,https://www.divan.ru/product/puf-rint-bucle-blue
Кресло Витио Velvet Yellow,25 290руб.,https://www.divan.ru/product/kreslo-vitio-velvet-yellow-new
Диван прямой Эби Velvet Coral,73 690руб.,https://www.divan.ru/product/divan-ebi-velvet-coral
Пуф Корк Velvet Moss,8790руб.,https://www.divan.ru/product/puf-kork-velvet-moss
Кресло Бринт Soft Terra,19 790руб.,https://www.divan.ru/product/kreslo-brint-soft-terra
Диван модульный Риббл-1 Bucle Mint,86 880руб.,https://www.divan.ru/product/modulnyj-divan-ribbl-1-bucle-mint
Кресло Пайпел-2 Bucle Forest,46 190руб.,https://www.divan.ru/product/kreslo-pajpel-2-bucle-forest
Диван прямой Виена Velvet Smoke,71 490руб.,https://www.divan.ru/product/divan-viena-time-grey
Диван прямой Види Textile Navy Blue,27 490руб.,https://www.divan.ru/product/divan-vidi-textile-navy-blue
Диван угловой Аллаум Linia Stone,62 690руб.,https://www.divan.ru/product/divan-uglovoj-allaum-linia-stone
Кресло Ансил Bucle Milk,35 190руб.,https://www.divan.ru/product/kreslo-ansil-bucle-milk
Диван угловой Аронт Мини Velvet Olive,65 990руб.,https://www.divan.ru/product/divan-uglovoj-aront-mini-velvet-olive
Диван модульный Brera-8 Bucle Beige,180 370руб.,https://www.divan.ru/product/modulnyj-divan-brera-8-bucle-beige
Диван прямой Сваут Velvet Mustard,74 790руб.,https://www.divan.ru/product/divan-svaut-velvet-mustard
Диван прямой Инес Vertical Blue,52 790руб.,https://www.divan.ru/product/divan-ines-vertical-blue
Диван прямой Лави Velvet Moss,50 590руб.,https://www.divan.ru/product/divan-lavi-velvet-moss
Диван угловой Эдвин Velvet Terra,84 690руб.,https://www.divan.ru/product/divan-uglovoj-edvin-velvet-terra
Диван угловой Дарол Velvet Silver,75 890руб.,https://www.divan.ru/product/divan-uglovoj-darol-velvet-silver
Диван прямой Терм Velvet Beige,76 990руб.,https://www.divan.ru/product/divan-term-velvet-beige
Диван прямой Лилле Velvet Atlantic,51 690руб.,https://www.divan.ru/product/divan-lille-velvet-atlantic
Кресло Кото Cozy Beige,36 290руб.,https://www.divan.ru/product/kreslo-koto-cozy-beige
Диван прямой Бонент Velvet Eclipse,91 290руб.,https://www.divan.ru/product/divan-bonent-velvet-eclipse
Диван прямой Нумо-Мини 120 Textile Light,29 690руб.,https://www.divan.ru/product/divan-numo-mini-textile-light
Пуф Кофи Velvet Light,5050руб.,https://www.divan.ru/product/puf-kofi-velvet-light
Диван угловой Нордика мини Velvet Coral,65 990руб.,https://www.divan.ru/product/divan-uglovoj-nordika-mini-velvet-coral
Диван угловой Стаус Velvet Olive,47 290руб.,https://www.divan.ru/product/divan-uglovoj-staus-velvet-olive
Кресло Винси Textile Ginger,23 090руб.,https://www.divan.ru/product/kreslo-vinsi-textile-ginger
Диван прямой Рон Textile Grafit,58 290руб.,https://www.divan.ru/product/divan-ron-textile-grafit
